main_name,category,bq_name,tp_name,bradfords_name,builderdepot_name,homebase_name,jewson_name,screwfix_name,toolstation_name,wickes_name
"MyWorktop 20mm Aurora Satin White Marble effect Kitchen Worktop, (L)2200mm",Acrylic Worktops,"MyWorktop 20mm Aurora Satin White Marble effect Kitchen Worktop, (L)2200mm",,,,,,,,
"HI-MACS 20mm Matt Chamomile Stone effect Acrylic Square edge Kitchen Worktop, (L)2200mm",Acrylic Worktops,"HI-MACS 20mm Matt Chamomile Stone effect Acrylic Square edge Kitchen Worktop, (L)2200mm",,,,,,,,
"HI-MACS 20mm Matt Diamond white Stone effect Acrylic Square edge Kitchen Worktop, (L)2200mm",Acrylic Worktops,"HI-MACS 20mm Matt Chamomile Stone effect Acrylic Square edge Kitchen Worktop, (L)2200mm",,,,,,,,
"Wintaplas Smart adhesives Orange Frostproofer, 5L Plastic jerry can",Additives & chemicals,"Wintaplas Smart adhesives Orange Frostproofer, 5L Plastic jerry can",,,,,,,,
"Sika Latex SBR White Specialist building primer, 5L, 5.2kg",Additives & chemicals,"Sika Latex SBR White Specialist building primer, 5L, 5.2kg",,,,,,,,
"Blue Circle Hydrated lime, 25kg Bag",Additives & chemicals,"Blue Circle Hydrated lime, 25kg Bag",,Blue Circle Hydralime Hydrated Lime (25kg),,,,,,
"Sika Clear Masonry waterproofer, 5L Jerry can",Additives & chemicals,"Sika Clear Masonry waterproofer, 5L Jerry can",,,,,,,,
Sika Sikacem White PVA primer & sealer 5L,Additives & chemicals,Sika Sikacem White PVA primer & sealer 5L,,,,,,Sika SikaCem PVA Primer White 5Ltr,,
"Bostik Smart adhesives Dark brown Mortar plasticiser, 5L Plastic jerry can",Additives & chemicals,"Bostik Smart adhesives Dark brown Mortar plasticiser, 5L Plastic jerry can",,,,,,Bostik Cemplas Mortar Plasticiser Dark Brown 5Ltr,,
"Bostik Frostproofer, 1L Jerry can",Additives & chemicals,"Bostik Frostproofer, 1L Jerry can",,,,,,,,
"Sandtex Stabilising solution, 2.5L Tub",Additives & chemicals,"Sandtex Stabilising solution, 2.5L Tub",Sandtex Quick Dry Stabilising Solution 2.5L Clear,,,Sandtex Quick Dry Masonry Stabilising Solution - 2.5L,,,,
"Bostik Cementone Yellow Waterproofing & air entraining admixture, 5L Plastic jerry can 5.59kg",Additives & chemicals,"Bostik Cementone Yellow Waterproofing & air entraining admixture, 5L Plastic jerry can 5.59kg",,,,,,,,
"Bostik Smart adhesives Orange Waterproofing & air entraining admixture, 5L Plastic jerry can",Additives & chemicals,"Bostik Smart adhesives Orange Waterproofing & air entraining admixture, 5L Plastic jerry can",,,,,,,,
"One Coat Damp Seal White Waterproofer, 2.5L Tin, 2.5L",Additives & chemicals,"One Coat Damp Seal White Waterproofer, 2.5L Tin, 2.5L",,,,,,,,
"Ronseal White Waterproof sealing compound, 0.4L Tin",Additives & chemicals,"Ronseal White Waterproof sealing compound, 0.4L Tin",,,,,,,,
Bostik Grey Tanking slurry Bag,Additives & chemicals,Bostik Grey Tanking slurry Bag,,,,,,,,
"Tarmac Edging & jointing spray, 0.15L Aerosol",Additives & chemicals,"Tarmac Edging & jointing spray, 0.15L Aerosol",,,,,,,,
Bostik Red Powder colour Tub,Additives & chemicals,Bostik Red Powder colour Tub,,,,,,,,
Bostik White Concrete fibres Bag,Additives & chemicals,Bostik White Concrete fibres Bag,,,,,,,,
"Bostik Cement colours Black Liquid colour, 1L Plastic jerry can",Additives & chemicals,"Bostik Cement colours Black Liquid colour, 1L Plastic jerry can",,,,,Bostik Cementone Liquid Colour for Cement 1L Black,,,
Bostik White Concrete fibres Bag,Additives & chemicals,Bostik White Concrete fibres Bag,,,,,,,,
"Bostik Black Waterproofer, 2.5L Metal container",Additives & chemicals,"Bostik Black Waterproofer, 2.5L Metal container",,,,,,,,
Bostik Cementone Green Walls Plasterer's stabilising primer,Additives & chemicals,Bostik Cementone Green Walls Plasterer's stabilising primer,,,,,,,,
"Polycell Primer, 2.5L Tub",Additives & chemicals,"Polycell Primer, 2.5L Tub",,,,,,,,
"Bostik Smart adhesives Dark brown Concentrated mortar plasticiser, 1L Plastic bottle",Additives & chemicals,"Bostik Smart adhesives Dark brown Concentrated mortar plasticiser, 1L Plastic bottle",Sika Maxmix Concentrated Plasticiser 1L,Concentrated Mortar Plasticiser 1ltr,,,Sika MaxMix Concentrated Mortar Plasticiser 1L,,,
"Bostik Cement colours Red Liquid colour, 1L Plastic jerry can",Additives & chemicals,"Bostik Cement colours Black Liquid colour, 1L Plastic jerry can",,,,,Bostik Liquid Cement 1 Litre Red,,,
"Gyproc Magnolia Drywall primer, 10L Tub",Additives & chemicals,"Gyproc Magnolia Drywall primer, 10L Tub",,,,,,,,
"20mm Gravel, Bulk Bag",Aggregates & sand,"20mm Gravel, Bulk Bag",Travis Perkins Gravel and Shingle Bulk Bag 20mm,Bradfords 20mm Gravel Bulk Bag,20mm Pea Gravel/Shingle Bulk Bag,,Jewson 20mm Gravel/Shingle Handy Bag,,,Tarmac 20mm Gravel - Jumbo Bag
"10mm Gravel, Bulk Bag",Aggregates & sand,"10mm Gravel, Bulk Bag",Travis Perkins Gravel and Shingle Bulk Bag 10mm,Bradfords 10mm Gravel Bulk Bag,10mm Pea Gravel/Shingle Bulk Bag,,Jewson 10mm Gravel/Shingle Handy Bag,,,Tarmac 10mm Gravel Pea Shingle - Jumbo Bag
"All-in Ballast, Bulk Bag",Aggregates & sand,"All-in Ballast, Bulk Bag",Travis Perkins Sand and Stone Ballast Bulk Bag,,,,Jewson All In Ballast Handy Bag,,,
"20mm Limestone Chippings, Bulk Bag",Aggregates & sand,"20mm Limestone Chippings, Bulk Bag",Limestone Clean Bulk Bag 20mm,Chippings Black Basalt 20mm Bulk Bag,,,Decorative Aggregates Solent Gold Chippings 20mm Bulk Bag,,,Tarmac 20mm Limestone Chippings - Major Bag
"MOT type 1 Subbase, Bulk Bag",Aggregates & sand,"MOT type 1 Subbase, Bulk Bag",Travis Perkins MOT Type 1 Sub Base Bulk Bag,Bradfords MOT Type 1 sub base Bulk Bag,MOT Type 1 Sub Base Bulk Bag,,Jewson MOT Type 1 Sub-Base Single Trip - Large Bulk Bag,,,
"Tarmac Subbase, Large Bag",Aggregates & sand,"Tarmac Subbase, Large Bag",,,,,,,,
"Tarmac 20mm Gravel, Large Bag",Aggregates & sand,"20mm Gravel, Bulk Bag",,,,,,,,Tarmac 20mm Gravel - Jumbo Bag
"Tarmac Sharp sand, Large Bag, 22.5kg",Aggregates & sand,"Tarmac Sharp sand, Large Bag, 22.5kg",,,,Tarmac Sharp Sand Large Bag - 22.5kg,,,,
"Tarmac All-in Ballast, Large Bag",Aggregates & sand,"All-in Ballast, Bulk Bag",,,,,,,,Tarmac Ballast - Jumbo Bag
"Building sand, Bulk Bag",Aggregates & sand,"Building sand, Bulk Bag",Travis Perkins Building Sand Bulk Bag,Bradfords Yellow Building Sand Prepacked Bag,Soft Building Sand Bulk Bag,,Jewson Building Sand Handy Bag,,,
Blooma Play sand 22.5kg,Aggregates & sand,Blooma Play sand 22.5kg,,,,,,,,
"Tarmac Kiln dried Paving sand, Large Bag",Aggregates & sand,"Tarmac Kiln dried Paving sand, Large Bag",,,,Tarmac Kiln Dried Paving Sand - Large Bag,,,,
"Tarmac Grano dust, Bulk Bag",Aggregates & sand,"Tarmac Grano dust, Bulk Bag",,,,,,,,
"Sharp sand, Bulk Bag",Aggregates & sand,"Building sand, Bulk Bag",Travis Perkins Sand and Stone Ballast Bulk Bag,Bradfords Yellow Sharp Sand Prepacked Bag,Soft Building Sand Bulk Bag,,Jewson Sharp Concreting Sand Handy Bag,,,
"10mm Limestone Chippings, Bulk Bag",Aggregates & sand,"10mm Limestone Chippings, Bulk Bag",,,,,,,,
"Tarmac 10mm Gravel, Large Bag",Aggregates & sand,"10mm Gravel, Bulk Bag",,,,,,,,Tarmac 10mm Gravel Pea Shingle - Jumbo Bag
Tarmac Sand 20kg Bag,Aggregates & sand,Tarmac Sand 20kg Bag,,,,,,,,
"Tarmac Building sand, Large Bag",Aggregates & sand,"Building sand, Bulk Bag",,,,Tarmac Kiln Dried Paving Sand - Large Bag,,,,
"Tarmac Plastering sand, Large Bag",Aggregates & sand,"Tarmac Building sand, Large Bag",,,,,,,,
"Tarmac 20mm Limestone Chippings, Large Bag",Aggregates & sand,"20mm Limestone Chippings, Bulk Bag",,,,,,,,Tarmac 20mm Limestone Chippings - Major Bag
"Tarmac 10mm Limestone Chippings, Large Bag",Aggregates & sand,"10mm Limestone Chippings, Bulk Bag",,,,,,,,
Tarmac Weed Free Paving sand 20kg Bag,Aggregates & sand,Tarmac Sand 20kg Bag,,,,,,,,
"Plastering sand, Bulk Bag",Aggregates & sand,"Sharp sand, Bulk Bag",Travis Perkins Plastering Sand Bulk Bag,Bradfords Yellow Mixed Plastering Sand Bulk Bag,,,Jewson Plastering Sand Handy Bag,,,
"Tarmac Red Building sand, Large Bag",Aggregates & sand,"Building sand, Bulk Bag",,,,,,,,
Hyundai Silent 230V 24L Corded Compressor HY7524,Air compressors,Hyundai Silent 230V 24L Corded Compressor HY7524,,,,,,,,
Hyundai Silent 230V 8L Corded Compressor HY5508,Air compressors,Hyundai Silent 230V 8L Corded Compressor HY5508,,,,,,,,
Stanley DST 100/8/6/SI 6L Silent Air Compressor,Air compressors,Stanley DST 100/8/6/SI 6L Silent Air Compressor,,,,,,,,
Scheppach HC51V 1500W 50 LTR Air Compressor - Oil Free,Air compressors,Scheppach HC51V 1500W 50 LTR Air Compressor - Oil Free,,,,,,,,
Black + Decker 195/6 NK Air Compressor,Air compressors,Black + Decker 195/6 NK Air Compressor,,,,,,,,
BOSCH EasyPump Cordless Pneumatic Air Pump (0603947000),Air compressors,BOSCH EasyPump Cordless Pneumatic Air Pump (0603947000),,,,,,,,
2HP 50 Litre 10 Bar Oil Free Compressor,Air compressors,2HP 50 Litre 10 Bar Oil Free Compressor,,,,,,,,
"Hyundai 150 Litre Air Compressor, 14CFM/145psi, Twin Cylinder, Belt Drive 3hp HY3150S",Air compressors,"Hyundai 150 Litre Air Compressor, 14CFM/145psi, Twin Cylinder, Belt Drive 3hp HY3150S",,"Hyundai 150 Litre Air Compressor - 14CFM/14psi, 3hp - HY3150S",,,,,,
Scheppach HC26 1500W 24 LTR Air Compressor,Air compressors,Scheppach HC26 1500W 24 LTR Air Compressor,,,,,,,,
Goodyear 12V Portable Car Tyre Inflator Compressor 3M Cigarette Lighter Cord,Air compressors,Goodyear 12V Portable Car Tyre Inflator Compressor 3M Cigarette Lighter Cord,,,,,,,,
Stanley Air Compressor D200/10/24V (UK) - 8117190STN722,Air compressors,Stanley Air Compressor D200/10/24V (UK) - 8117190STN722,,,,,,,,
Einhell Power X-Change 18V Cordless Hybrid Portable Compressor PRESSITO,Air compressors,Einhell Power X-Change 18V Cordless Hybrid Portable Compressor PRESSITO,,,,,,,,
Einhell 24 Litre 8 Bar Oil Free Air Compressor TC-AC 200/24/8 OF,Air compressors,Einhell 24 Litre 8 Bar Oil Free Air Compressor TC-AC 200/24/8 OF,,,,,,,,
Zipper COM24E 24L Air Compressor 230 V,Air compressors,Zipper COM24E 24L Air Compressor 230 V,,,,,,Zipper ZI-COM24E 24Ltr Brushless Electric Air Compressor 230V,,
Scheppach HC51Si 550W 50 LTR Silent Air Compressor - Oil Free,Air compressors,Scheppach HC51Si 550W 50 LTR Silent Air Compressor - Oil Free,,,,,,,,
Hyundai oil lubricating 230V 50L Corded Compressor HY3050V,Air compressors,Hyundai oil lubricating 230V 50L Corded Compressor HY3050V,,,,,,,,
Scheppach HC25Si 550W 24 LTR Silent Air Compressor - Oil Free,Air compressors,Scheppach HC25Si 550W 24 LTR Silent Air Compressor - Oil Free,,,,,,,,
Einhell 24 Litre 8 Bar Oil Lubricated Air Compressor TC-AC 190/24/8,Air compressors,Einhell 24 Litre 8 Bar Oil Lubricated Air Compressor TC-AC 190/24/8,,,,,,,,
Scheppach Air-Force 2 1100W 180 L/Min Portable Air Compressor - Oil Free,Air compressors,Scheppach Air-Force 2 1100W 180 L/Min Portable Air Compressor - Oil Free,,,,,,,,
"Hyundai 100 Litre Air Compressor, 14CFM/116psi, Silenced, V Twin, Direct Drive 3hp HY30100V",Air compressors,"Hyundai 100 Litre Air Compressor, 14CFM/116psi, Silenced, V Twin, Direct Drive 3hp HY30100V",,"Hyundai 100 Litre Air Compressor - 14CFM/116psi, 3hp - HY30100V",,,,,,
Scheppach Air-Case 1100W 2 LTR Portable Air Compresso - Oil Free,Air compressors,Scheppach Air-Case 1100W 2 LTR Portable Air Compresso - Oil Free,,,,,,,,
Scheppach HC24V 1500W 24 LTR Air Compressor - Oil Free,Air compressors,Scheppach HC26 1500W 24 LTR Air Compressor,,,,,,,,
5 PACK - 15mm x 3m Blue Rigid Nylon Pipe -Compressed Air Ring Main Straight Tube,Air compressors,5 PACK - 15mm x 3m Blue Rigid Nylon Pipe -Compressed Air Ring Main Straight Tube,,,,,,,,
"Zipper COM2-8 180 L/Min Portable Air Compressor, 230 V",Air compressors,"Zipper COM2-8 180 L/Min Portable Air Compressor, 230 V",,,,,,,,
AIRCON PORTABLE Air-Conditioner 12000 BTU,Air conditioners,AIRCON PORTABLE Air-Conditioner 12000 BTU,,,,,,,,Daewoo 12000 BTU Portable Air Conditioner
HOMCOM Mobile Air Conditioner White W/ Remote Control Cooling Ventilating 765W,Air conditioners,HOMCOM Mobile Air Conditioner White W/ Remote Control Cooling Ventilating 765W,,,,,,,,
HOMCOM 9000 BTU Portable Air Conditioner 4 Modes LED Display Timer Home Office,Air conditioners,HOMCOM 9000 BTU Portable Air Conditioner 4 Modes LED Display Timer Home Office,,,,,,,,
HOMCOM 5000BTU Portable Air Conditioner 4 Modes LED Display Timer Home Office,Air conditioners,HOMCOM 5000BTU Portable Air Conditioner 4 Modes LED Display Timer Home Office,,,,,,,,
"SPARES2GO Window Seal + Hose Vent Kit 6m 5"" for Portable Air Conditioning Sealing Zip",Air conditioners,"SPARES2GO Window Seal + Hose Vent Kit 6m 5"" for Portable Air Conditioning Sealing Zip",,,,,,,,
"HOMCOM 7000 BTU Mobile Air Conditioner Indoor Portable AC Unit w/ RC, White",Air conditioners,"HOMCOM 7000 BTU Mobile Air Conditioner Indoor Portable AC Unit w/ RC, White",,,,,,,,Daewoo 7000 BTU Portable Air Conditioner
"HOMCOM 7000 BTU Air Conditioner Portable AC Unit with Remote, for Bedroom",Air conditioners,"HOMCOM 7000 BTU Air Conditioner Portable AC Unit with Remote, for Bedroom",,,,,,,,Daewoo 7000 BTU Portable Air Conditioner
HOMCOM 8000BTU Portable Air Conditioner 4 Modes LED Display Timer Home Office,Air conditioners,HOMCOM 8000BTU Portable Air Conditioner 4 Modes LED Display Timer Home Office,,,,Portable Air Conditioner - 8000 BTU,,,,
"HOMCOM 7000 BTU Mobile Air Conditioner Indoor Portable AC Unit w/ RC, White",Air conditioners,"HOMCOM 7000 BTU Mobile Air Conditioner Indoor Portable AC Unit w/ RC, White",,,,,,,,Daewoo 7000 BTU Portable Air Conditioner
HOMCOM 8000 BTU Portable Air Conditioner 4 Modes LED Display Timer Home Office,Air conditioners,HOMCOM 8000BTU Portable Air Conditioner 4 Modes LED Display Timer Home Office,,,,Portable Air Conditioner - 8000 BTU,,,,
HOMCOM 10000 BTU Portable Air Conditioner 4 Modes LED Display Timer Home Office,Air conditioners,HOMCOM 10000 BTU Portable Air Conditioner 4 Modes LED Display Timer Home Office,,,,,,,,
"VonHaus Air Conditioner 9000BTU, Portable Air Conditioning Unit with Remote Control, 4 Modes, 24hr Timer, LED Screen",Air conditioners,"VonHaus Air Conditioner 9000BTU, Portable Air Conditioning Unit with Remote Control, 4 Modes, 24hr Timer, LED Screen",,,,,,,,
HOMCOM Mobile Air Conditioner W/ RC Cooling Sleeping Mode Portable White 1003W,Air conditioners,HOMCOM Mobile Air Conditioner W/ RC Cooling Sleeping Mode Portable White 1003W,,,,,,,,
HOMCOM 7000BTU Portable Air Conditioner 4 Modes LED Display Timer Home Office,Air conditioners,HOMCOM 7000BTU Portable Air Conditioner 4 Modes LED Display Timer Home Office,,,,,,,,
HOMCOM 5000 BTU Portable Air Conditioner 4 Modes LED Display Timer Home Office,Air conditioners,HOMCOM 5000BTU Portable Air Conditioner 4 Modes LED Display Timer Home Office,,,,,,,,
"VonHaus Air Conditioner 7000BTU, Portable Air Conditioning Unit with Remote Control, 4 Modes, 24hr Timer, LED Screen",Air conditioners,"VonHaus Air Conditioner 9000BTU, Portable Air Conditioning Unit with Remote Control, 4 Modes, 24hr Timer, LED Screen",,,,,,,,
HOMCOM 7000BTU Portable Air Conditioner 4 Modes LED Display Timer Home Office,Air conditioners,HOMCOM 7000BTU Portable Air Conditioner 4 Modes LED Display Timer Home Office,,,,,,,,
HOMCOM Mobile Air Conditioner W/ RC Cooling Sleeping Mode Portable White 1080W,Air conditioners,HOMCOM Mobile Air Conditioner W/ RC Cooling Sleeping Mode Portable White 1080W,,,,,,,,
HOMCOM 9000 BTU Portable Air Conditioner 4 Modes LED Display Timer Home Office,Air conditioners,HOMCOM 9000 BTU Portable Air Conditioner 4 Modes LED Display Timer Home Office,,,,,,,,
Wood's Milan 9000BTU Air conditioner,Air conditioners,Wood's Milan 9000BTU Air conditioner,,,,,,,,
GoodHome Air conditioning door & window seal,Air conditioners,GoodHome Air conditioning door & window seal,,,,,,,,
Yale Premium Plus Intruder alarm kit,Alarm kits & accessories,Yale Premium Plus Intruder alarm kit,,,,,,Yale Premium+ Burglar Alarm Kit,,
Yale HSA Wireless Door & window Intruder alarm contact,Alarm kits & accessories,Yale HSA Wireless Door & window Intruder alarm contact,,,,,,Yale AC-DC Burglar Alarm Door / Window Contact,,
Yale IA-320 Sync Smart 6 piece Intruder alarm kit,Alarm kits & accessories,Yale IA-320 Sync Smart 6 piece Intruder alarm kit,,,,,,,,
Yale Essentials Intruder alarm kit,Alarm kits & accessories,Yale Premium Plus Intruder alarm kit,,,,,,Yale HSA Essentials Burglar Alarm Kit,,
Ring 2nd Gen Smart 5 piece Starter alarm kit,Alarm kits & accessories,Ring 2nd Gen Smart 5 piece Starter alarm kit,,,,,,,,
Yale Shed & garage alarm kit,Alarm kits & accessories,Yale Shed & garage alarm kit,,,,,,,,
"Yale Intruder alarm key fob, Pack of 2",Alarm kits & accessories,"Yale Intruder alarm key fob, Pack of 2",,,,,,,,
Yale Flashing dummy siren,Alarm kits & accessories,Yale Flashing dummy siren,,,,,,,,
"Smartwares Glass Break Wireless Intruder alarm sensor, Pack of 2",Alarm kits & accessories,"Smartwares Glass Break Wireless Intruder alarm sensor, Pack of 2",,,,,,,,
"Smartwares Mini alarm Wireless Intruder alarm sensor, Pack of 2",Alarm kits & accessories,"Smartwares Glass Break Wireless Intruder alarm sensor, Pack of 2",,,,,,,,
Yale Wireless Intruder alarm motion sensor,Alarm kits & accessories,Yale Wireless Intruder alarm motion sensor,,,,,,,,
Yale IA Wireless Door Contact sensor,Alarm kits & accessories,Bosch Smart Home Wireless Door & window Alarm contact sensor,,,,,,,,
Yale Intruder alarm key fob,Alarm kits & accessories,Yale Premium Plus Intruder alarm kit,,,,,,,,Yale Home Security Motion Detector Intruder Alarm AC-PIR
Yale IA AC-PIR Wireless Motion detector,Alarm kits & accessories,Yale IA AC-PIR Wireless Motion detector,,,,,,Swann PIR Motion Detector,,Yale Home Security Motion Detector Intruder Alarm AC-PIR
"Smartwares Pincode Wireless Intruder alarm sensor, Pack of 1",Alarm kits & accessories,"Smartwares Pincode Wireless Intruder alarm sensor, Pack of 1",,,,,,,,
Yale AC-KF Alarm key fob,Alarm kits & accessories,Yale Intruder alarm key fob,,,,,,,,Yale Smart Living AC-KF Sync Key Fob
Bosch Smart Home Wireless Door & window Alarm contact sensor,Alarm kits & accessories,Bosch Smart Home Wireless Door & window Alarm contact sensor,,,,,,Hive  Window / Door Sensor,,
Aico SmartLINK Interlinked Alarm module,Alarm kits & accessories,Aico SmartLINK Interlinked Alarm module,,,,,,,,
Ring 2nd Gen Alarm keypad,Alarm kits & accessories,Ring 2nd Gen Alarm keypad,,,,,,,,
Bosch Smart Home White Room control kit,Alarm kits & accessories,Bosch Smart Home Remote control,,,,,,,,
Bosch Smart Home Smart 4 piece Starter alarm kit,Alarm kits & accessories,Bosch Smart Home Smart 4 piece Starter alarm kit,,,,,,,,
Bosch Smart Home RFPR-ZB-SH-EU Wireless Motion detector,Alarm kits & accessories,Bosch Smart Home RFPR-ZB-SH-EU Wireless Motion detector,,,,,,,,
Bosch Smart Home Flood & water alarm,Alarm kits & accessories,Bosch Smart Home Flood & water alarm,,,,,,,,
Ring Wireless Outdoor Siren,Alarm kits & accessories,Ring Wireless Outdoor Siren,,,,,,,,
Ryobi ONE+ 18V One+ 115mm Brushed Cordless Angle grinder R18AG-0 - Bare unit,Angle grinders,Ryobi ONE+ 18V One+ 115mm Brushed Cordless Angle grinder R18AG-0 - Bare unit,,,,,,,,
Black+Decker 710W 230V 115mm Corded Angle grinder BEG010A5,Angle grinders,Black+Decker 710W 230V 115mm Corded Angle grinder BEG010A5,,,,,,,,
Mac Allister 750W 240V 115mm Corded Angle grinder 2525,Angle grinders,Mac Allister 750W 240V 115mm Corded Angle grinder 2525,,,,,,,,
Bosch 18V Power for all 125mm Brushless Cordless Angle grinder 06033D9002 - Bare unit,Angle grinders,Bosch 18V Power for all 125mm Brushless Cordless Angle grinder 06033D9002 - Bare unit,,,,,,,,
DeWalt 800W 230V 115mm Corded Angle grinder DWE4056-GB,Angle grinders,DeWalt 800W 230V 115mm Corded Angle grinder DWE4056-GB,,,,,,,,
Erbauer EXT 18V 4Ah Li-ion 115mm Cordless Angle grinder 1 battery EAG18-Li,Angle grinders,Erbauer EXT 18V 4Ah Li-ion 115mm Cordless Angle grinder 1 battery EAG18-Li,,,,,,,,
DeWalt XR 18V XR 125mm Cordless Angle grinder DCG412N - Bare unit,Angle grinders,DeWalt XR 18V XR 125mm Cordless Angle grinder DCG412N - Bare unit,,,,,,,,
Bosch DIY 750W 240V 115mm Corded Angle grinder 3 603 CA2,Angle grinders,Bosch DIY 750W 240V 115mm Corded Angle grinder 3 603 CA2,,,,,,,,
Black+Decker 2.0Ah Li-ion 125mm Cordless Angle grinder BCG720D13-GB,Angle grinders,Black+Decker 2.0Ah Li-ion 125mm Cordless Angle grinder BCG720D13-GB,,,,,,,,
Makita 720W 240V 115mm Corded Angle grinder GA4530R,Angle grinders,Makita 720W 240V 115mm Corded Angle grinder GA4530R,,,,,,,,
Einhell 18V Power X-Change 115mm Cordless Angle grinder TC-AG 18/155 Li-Solo (4431132) - Bare unit,Angle grinders,Einhell 18V Power X-Change 115mm Cordless Angle grinder TC-AG 18/155 Li-Solo (4431132) - Bare unit,,,,,,,,
Makita LXT 18V LXT 115mm Cordless Angle grinder DGA452Z - Bare unit,Angle grinders,Makita LXT 18V LXT 115mm Cordless Angle grinder DGA452Z - Bare unit,,,,,,,,
Ryobi 600W 240V 115mm Corded Angle grinder RAG600-115GA5,Angle grinders,Ryobi 600W 240V 115mm Corded Angle grinder RAG600-115GA5,,,,,,,,
Erbauer EXT 18V 115mm Cordless Angle grinder EAG18-Li - Bare,Angle grinders,Erbauer EXT 18V 4Ah Li-ion 115mm Cordless Angle grinder 1 battery EAG18-Li,,,,,,,,
Mac Allister 2000W 240V 230mm Corded Angle grinder MSAG2000,Angle grinders,Mac Allister 2000W 240V 230mm Corded Angle grinder MSAG2000,,,,,,,,
Lumberjack 115mm Angle Grinder 820W Includes Grinding Disc and Side Handle,Angle grinders,Lumberjack 115mm Angle Grinder 820W Includes Grinding Disc and Side Handle,,,,,,,,
Erbauer 900W 240V 115mm Corded Angle grinder EAG900-115,Angle grinders,Erbauer 900W 240V 115mm Corded Angle grinder EAG900-115,,,,,,,,
Mac Allister Solo 18V 115mm Cordless Angle grinder MAG18-Li - Bare unit,Angle grinders,Erbauer EXT 18V 115mm Cordless Angle grinder EAG18-Li - Bare,,,,,,,,
Erbauer 2200W 240V 230mm Corded Angle grinder EAG2200,Angle grinders,Erbauer 2200W 240V 230mm Corded Angle grinder EAG2200,,,,,,,,
DeWalt 2000W 240V 230mm Corded Angle grinder DWE490-GB,Angle grinders,DeWalt 2000W 240V 230mm Corded Angle grinder DWE490-GB,,,,,,,,
JCB 18V Angle Grinder with 2 x 2.0Ah Lithium-ion Batteries and 2.4A Charger - JCB-18AG-2-V2,Angle grinders,JCB 18V Angle Grinder with 2 x 2.0Ah Lithium-ion Batteries and 2.4A Charger - JCB-18AG-2-V2,,,,,,,,
Lumberjack Cordless 20V Angle Grinder 115mm M14 Thread Overload Protection Red (BARE UNIT),Angle grinders,Lumberjack Cordless 20V Angle Grinder 115mm M14 Thread Overload Protection Red (BARE UNIT),,,,,,,,
Lumberjack 20V 115mm Angle Grinder Kit 1x 4Ah Battery and Fast Charger,Angle grinders,Lumberjack 20V 115mm Angle Grinder Kit 1x 4Ah Battery and Fast Charger,,,,,,,,
Einhell Power X-Change 18V 115m Cordless Angle Grinder TE-AG 18/115 Li Solo,Angle grinders,Einhell Power X-Change 18V 115m Cordless Angle Grinder TE-AG 18/115 Li Solo,,,,,,,,
KOTA White MDF Torus Architrave (L)2.18m (W)69mm (T)18mm,Architrave,KOTA White MDF Torus Architrave (L)2.18m (W)69mm (T)18mm,,,,,,,,
GoodHome Planed Natural Pine Torus Architrave (L)2.1m (W)58mm (T)15mm,Architrave,GoodHome Planed Natural Pine Torus Architrave (L)2.1m (W)58mm (T)15mm,,,,,,,,
GoodHome Primed White MDF Torus Architrave (L)2.1m (W)69mm (T)18mm,Architrave,KOTA White MDF Torus Architrave (L)2.18m (W)69mm (T)18mm,,,,,,,,
GoodHome Primed White MDF Chamfered Architrave (L)2.1m (W)44mm (T)14.5mm,Architrave,GoodHome Primed White MDF Chamfered Architrave (L)2.1m (W)44mm (T)14.5mm,,,,,,,,
GoodHome Primed White MDF Rounded Architrave (L)2.1m (W)44mm (T)14.5mm,Architrave,GoodHome Primed White MDF Chamfered Architrave (L)2.1m (W)44mm (T)14.5mm,,,,,,,,
GoodHome Planed Natural Pine Rounded Architrave (L)2.1m (W)44mm (T)15mm,Architrave,GoodHome Planed Natural Pine Rounded Architrave (L)2.1m (W)44mm (T)15mm,,,,,,,,
GoodHome Primed White MDF Square edge Architrave (L)2.1m (W)44mm (T)18mm,Architrave,GoodHome Primed White MDF Square edge Skirting board (L)2.4m (W)144mm (T)18mm,,,,,,,,
GoodHome Planed Natural Pine Chamfered Architrave (L)2.1m (W)44mm (T)15mm,Architrave,GoodHome Planed Natural Pine Rounded Architrave (L)2.1m (W)44mm (T)15mm,,,,,,,,
"GoodHome Primed White MDF Torus Architrave (L)2.1m (W)69mm (T)18mm, Pack of 5",Architrave,KOTA White MDF Torus Architrave (L)2.18m (W)69mm (T)18mm,,,,,,,,
GoodHome Primed White MDF Ogee Architrave (L)2.1m (W)69mm (T)18mm,Architrave,GoodHome Primed White MDF Ogee Skirting board (L)2.4m (W)169mm (T)18mm,,,,,,,,
GoodHome Planed Natural Pine Ogee Architrave (L)2.1m (W)58mm (T)15mm,Architrave,GoodHome Planed Natural Pine Torus Architrave (L)2.1m (W)58mm (T)15mm,,,,,,,,
"GoodHome Primed White MDF Bullnose Architrave (L)2.1m (W)44mm (T)14.5mm, Pack of 5",Architrave,GoodHome Primed White MDF Chamfered Architrave (L)2.1m (W)44mm (T)14.5mm,,,,,,,,
"GoodHome Primed White MDF Chamfered Architrave (L)2.1m (W)44mm (T)14.5mm, Pack of 5",Architrave,GoodHome Primed White MDF Chamfered Architrave (L)2.1m (W)44mm (T)14.5mm,,,,,,,,
KOTA White MDF Rounded Architrave (L)2.18m (W)69mm (T)18mm,Architrave,KOTA White MDF Torus Architrave (L)2.18m (W)69mm (T)18mm,,,,,,,,
KOTA White MDF Chamfered Architrave (L)2.18m (W)69mm (T)18mm,Architrave,KOTA White MDF Torus Architrave (L)2.18m (W)69mm (T)18mm,,,,,,,,
GoodHome Planed Natural Pine Ogee Architrave (L)2.1m (W)69mm (T)19.5mm,Architrave,GoodHome Planed Natural Pine Ogee Architrave (L)2.1m (W)69mm (T)19.5mm,,,,,,,,
"GoodHome Primed White MDF Ogee Architrave (L)2.1m (W)69mm (T)18mm, Pack of 5",Architrave,GoodHome Primed White MDF Torus Architrave (L)2.1m (W)69mm (T)18mm,,,,,,,,
GoodHome Primed White MDF Ovolo Architrave (L)2.1m (W)69mm (T)14.5mm,Architrave,GoodHome Primed White MDF Ovolo Architrave (L)2.1m (W)69mm (T)14.5mm,,,,,,,,
GoodHome Planed Natural Pine Torus Architrave (L)2.1m (W)69mm (T)19.5mm,Architrave,GoodHome Planed Natural Pine Ogee Architrave (L)2.1m (W)69mm (T)19.5mm,,,,,,,,
"Primed White MDF Square edge Architrave (L)2.1m (W)44mm (T)18mm, Pack of 5",Architrave,GoodHome Primed White MDF Square edge Architrave (L)2.1m (W)44mm (T)18mm,,,,,,,,
"White MDF Chamfered Architrave (L)2.18m (W)69mm (T)18mm, Pack of 5",Architrave,"GoodHome Primed White MDF Torus Architrave (L)2.1m (W)69mm (T)18mm, Pack of 5",,,,,,,,
"Oak veneer Rounded Architrave (L)2.1m (W)44mm (T)15mm, Pack of 5",Architrave,"Oak veneer Rounded Architrave (L)2.1m (W)44mm (T)15mm, Pack of 5",,,,,,,,
"Smooth Pine Ogee Architrave (L)2.1m (W)69mm (T)19.5mm, Pack of 5",Architrave,"Smooth Pine Ogee Architrave (L)2.1m (W)69mm (T)19.5mm, Pack of 5",,,,,,,,
KOTA White MDF Ogee Architrave (L)2.18m (W)69mm (T)18mm,Architrave,KOTA White MDF Torus Architrave (L)2.18m (W)69mm (T)18mm,,,,,,,,
GoodHome Cavally 1 lever Standard Basin Mixer Tap,Basin mixer taps,GoodHome Teesta 1 lever Small Basin Mixer Tap,,,,,,,,
Sleek Waterfall Basin Sink Mixer Tap & Slotted Basin Waste Chrome,Basin mixer taps,Waterfall Bath Filler Mixer Tap Chrome,,,,Deck Mixer Tap Chrome,,,,Remi Basin Chrome Mono Mixer Tap
Arborg Basin Mixer Tap,Basin mixer taps,Diamond Cut Brushed Brass Basin Mixer Tap,,,Grohe Bauedge Mono Basin Mixer Tap Chrome,Anstey Basin Mixer Tap Black,,Swirl Elevate Eco Basin Mono Mixer Bathroom Tap with Clicker Waste Chrome,,Remi Basin Chrome Mono Mixer Tap
GoodHome Olmeto 1 lever Waterfall Basin Mono mixer Tap,Basin mixer taps,GoodHome Teesta 1 lever Small Basin Mixer Tap,,,,,,,,
GoodHome Cavally 1 lever Mini Basin Mixer Tap,Basin mixer taps,GoodHome Teesta 1 lever Small Basin Mixer Tap,,,,,,,,
GoodHome Osani 1 lever Contemporary Basin Mono mixer Tap,Basin mixer taps,GoodHome Teesta 1 lever Small Basin Mixer Tap,,,,,,,,
GoodHome Arsuz 1 lever Contemporary Basin Mono mixer Tap,Basin mixer taps,GoodHome Teesta 1 lever Small Basin Mixer Tap,,,,,,,,
GoodHome Blyth 1 lever Mini Contemporary Basin Mono mixer Tap,Basin mixer taps,GoodHome Teesta 1 lever Small Basin Mixer Tap,,,,,,,,
GoodHome Cavally Matt Black Basin Mono mixer Tap,Basin mixer taps,Arborg Basin Mixer Tap,,,,Anstey Basin Mixer Tap Black,,,,
GoodHome Hoffell 1 lever Mini Contemporary Basin Mono mixer Tap,Basin mixer taps,GoodHome Teesta 1 lever Small Basin Mixer Tap,,,,,,,,
Waterfall Basin/Sink Cloakroom Bathroom Mixer Tap Chrome,Basin mixer taps,Waterfall Bath Filler Mixer Tap Chrome,,,,Deck Mixer Tap Chrome,,,,Remi Basin Chrome Mono Mixer Tap
GoodHome Etel 2 lever Traditional Basin Mono mixer Tap,Basin mixer taps,GoodHome Etel 2 lever Traditional Basin Mono mixer Tap,,,,,,,,
Lucia Chrome Bathroom Single Lever  Square Waterfall Basin Sink Mixer Tap,Basin mixer taps,Waterfall Bath Filler Mixer Tap Chrome,,,Eco Chrome Single Lever Kitchen Sink Mixer,Emma Single Lever Tap Chrome,,,,Remi Basin Chrome Mono Mixer Tap
GoodHome Etel Modern Basin Mono mixer Tap,Basin mixer taps,GoodHome Etel Chrome effect Floor-mounted Bath Mono mixer tap with shower kit,,,,,,,,
GoodHome Bynea 2 lever Traditional Basin Mono mixer Tap,Basin mixer taps,GoodHome Etel 2 lever Traditional Basin Mono mixer Tap,,,,,,,,
Matt Black Square Basin Mono Mixer Tap & Clicker Waste,Basin mixer taps,Bathroom Waterfall Black Matt Basin Sink Mono Mixer Single Lever Tap & Waste,,Blaze Basin Mixer with Clicker Waste,Fife Mono Basin Mixer & Push Waste,Anstey Basin Mixer Tap Black,,Wye Basin Mono Mixer Tap with Clicker Waste Chrome,,Bristan Cobalt Mono Basin Mixer Tap with Clicker Waste - Black
GoodHome Lazu 1 lever Contemporary Basin Mono mixer Tap,Basin mixer taps,GoodHome Teesta 1 lever Small Basin Mixer Tap,,,,,,,,
GoodHome Lazu 1 lever Mini Contemporary Basin Mono mixer Tap,Basin mixer taps,GoodHome Teesta 1 lever Small Basin Mixer Tap,,,,,,,,
GoodHome Teesta 1 lever Small Basin Mixer Tap,Basin mixer taps,GoodHome Teesta 1 lever Small Basin Mixer Tap,,,,,,,,
Evian Round Mono Lever Basin Mixer Tap - Chrome - Balterley,Basin mixer taps,Arborg Basin Mixer Tap,,,,Deck Mixer Tap Chrome,,Dual-Lever Mono Mixer Kitchen Tap Chrome,,Remi Basin Chrome Mono Mixer Tap
GoodHome Blyth 1 lever Contemporary Basin Mono mixer Tap,Basin mixer taps,GoodHome Teesta 1 lever Small Basin Mixer Tap,,,,,,,,
GoodHome Nyasa 1 lever Small Basin Mixer Tap,Basin mixer taps,GoodHome Teesta 1 lever Small Basin Mixer Tap,,,,,,,,
Evian Round Mono Basin Mixer Tap & Push Button Waste - Chrome - Balterley,Basin mixer taps,Arborg Basin Mixer Tap,,,Fife Mono Basin Mixer & Push Waste,Deck Mixer Tap Chrome,,Mono Mixer Kitchen Tap Chrome,,Remi Basin Chrome Mono Mixer Tap
Grenvik 2 lever Contemporary Basin Mono mixer Tap,Basin mixer taps,Grenvik 2 lever Contemporary Basin Mono mixer Tap,,,,,,,,
GoodHome Teesta 1 lever Small Basin Mixer Tap,Basin taps,GoodHome Teesta 1 lever Small Basin Mixer Tap,,,,,,,,
Bristan Corinth Chrome effect Traditional Double Deck Pillar Tap,Basin taps,Bristan Corinth Chrome effect Traditional Double Deck Pillar Tap,,,,Deck Mixer Tap Chrome,,,,
Bathroom Waterfall Black Matt Basin Sink Mono Mixer Single Lever Tap & Waste,Basin taps,Bathroom Waterfall Black Matt Basin Sink Mono Mixer Single Lever Tap & Waste,,,Fife Mono Basin Mixer & Push Waste,Isla Top Lever Tap -  Matt Black,,,,Wickes Waterfall Mono Basin Mixer Tap - Chrome
GoodHome Cavally 1 lever Standard Basin Mixer Tap,Basin taps,GoodHome Teesta 1 lever Small Basin Mixer Tap,,,,,,,,
Lucia Chrome Bathroom Single Lever  Square Waterfall Basin Sink Mixer Tap,Basin taps,Waterfall Bath Filler Mixer Tap Chrome,,,Eco Chrome Single Lever Kitchen Sink Mixer,Emma Single Lever Tap Chrome,,,,Remi Basin Chrome Mono Mixer Tap
GoodHome Lecci Basin Pillar Tap,Basin taps,GoodHome Lecci Basin Pillar Tap,,,,,,,,
Kingsey Traditional Crosshead Basin Taps - Chrome - Balterley,Basin taps,Kingsey Traditional Deck Mounted Crosshead Handle Bath Filler Tap - Chrome - Balterley,,,,Balterley Evian Basin Taps,,,,
Basin Tap Mono Sink Mixer Modern Bathroom Single Lever Brass Chrome with Fixings,Basin taps,Lucia Chrome Bathroom Single Lever  Square Waterfall Basin Sink Mixer Tap,,Pro Avon Mono Sink Mixer Chrome,Trisen Merion Tall Single Lever Mono Basin Mixer Tap Chrome,Emma Single Lever Tap Chrome,,Dual-Lever Mono Mixer Kitchen Tap Chrome,,Remi Basin Chrome Mono Mixer Tap
Arborg Basin Mixer Tap,Basin taps,Diamond Cut Brushed Brass Basin Mixer Tap,,,Grohe Bauedge Mono Basin Mixer Tap Chrome,Anstey Basin Mixer Tap Black,,Swirl Elevate Eco Basin Mono Mixer Bathroom Tap with Clicker Waste Chrome,,Remi Basin Chrome Mono Mixer Tap
GoodHome Nyasa Matt Black Basin Mono mixer Tap,Basin taps,Bathroom Waterfall Black Matt Basin Sink Mono Mixer Single Lever Tap & Waste,,,,Anstey Basin Mixer Tap Black,,,,
Aster Square Mono Basin Mixer Tap with Push Button Waste - Chrome - Balterley,Basin taps,Arborg Basin Mixer Tap,,Methven Amio Mono Basin Tap with Waste - Chrome,Fife Mono Basin Mixer & Push Waste,Deck Mixer Tap Chrome,,Wye Basin Mono Mixer Tap with Clicker Waste Chrome,,Remi Basin Chrome Mono Mixer Tap
Waterfall Basin/Sink Cloakroom Bathroom Mixer Tap Chrome,Basin taps,Waterfall Bath Filler Mixer Tap Chrome,,,,Deck Mixer Tap Chrome,,,,Remi Basin Chrome Mono Mixer Tap
GoodHome Cavally Matt Black Sink or worktop Mono mixer Tap,Basin taps,GoodHome Nyasa Matt Black Basin Mono mixer Tap,,,,,,,,
Waterfall Black Basin Sink Mixer Tap,Basin taps,Matt Black Waterfall Bath Filler Mixer Tap Twin Lever Handles Deck Mounted,,,,Anstey Basin Mixer Tap Black,,,,Wickes Waterfall Mono Basin Mixer Tap - Chrome
GoodHome Teesta Basin Mixer Tap,Basin taps,Arborg Basin Mixer Tap,,,,,,,,
GoodHome Olmeto 1 lever Waterfall Basin Mono mixer Tap,Basin taps,GoodHome Teesta 1 lever Small Basin Mixer Tap,,,,,,,,
GoodHome Eidar 1 lever Contemporary Basin Mono mixer Tap,Basin taps,GoodHome Teesta 1 lever Small Basin Mixer Tap,,,,,,,,
GoodHome Lazu 1 lever Mini Contemporary Basin Mono mixer Tap,Basin taps,GoodHome Teesta 1 lever Small Basin Mixer Tap,,,,,,,,
GoodHome Nyasa 1 lever Small Basin Mixer Tap,Basin taps,GoodHome Teesta 1 lever Small Basin Mixer Tap,,,,,,,,
GoodHome Blyth Contemporary Basin Pillar Tap,Basin taps,GoodHome Lazu Contemporary Bath Filler Tap,,,,,,,,
GoodHome Annagh Contemporary Basin Pillar Tap,Basin taps,GoodHome Lecci Basin Pillar Tap,,,,,,,,
GoodHome Arsuz 1 lever Contemporary Basin Mono mixer Tap,Basin taps,GoodHome Teesta 1 lever Small Basin Mixer Tap,,,,,,,,
Sleek Waterfall Basin Sink Mixer Tap & Slotted Basin Waste Chrome,Basin taps,Waterfall Bath Filler Mixer Tap Chrome,,,,Deck Mixer Tap Chrome,,,,Remi Basin Chrome Mono Mixer Tap
GoodHome Colina 1 lever Waterfall Basin Mono mixer Tap,Basin taps,GoodHome Teesta 1 lever Small Basin Mixer Tap,,,,,,,,
Modern Chrome Waterfall Bath Filler Mixer Tap Bathroom Round,Bath mixer taps,Modern Chrome Waterfall Bath Filler Mixer Tap Bathroom Round,,,,Deck Mixer Tap Chrome,,,,Wickes Waterfall Bath Filler Tap - Chrome
GoodHome Osani Bath Filler Tap,Bath mixer taps,GoodHome Osani Bath Filler Tap,,,,,,,,
Invena Bath Tap Filler Shower Chrome Crosshead Long 'S' Type Spout Wall Mounted,Bath mixer taps,Invena Bath Tap Filler Shower Chrome Crosshead Long 'S' Type Spout Wall Mounted,,,Trisen Formby Crosshead Bath Filler Tap Chrome,Barkway Bath Filler Tap Chrome,,,,Remi Chrome Bath Filler Tap
GoodHome Cavally Bath Filler Tap,Bath mixer taps,GoodHome Cavally Chrome effect Bath Shower mixer Tap,,,,,,,,
GoodHome Etel Bath Filler Tap,Bath mixer taps,GoodHome Etel Chrome effect Floor-mounted Bath Mono mixer tap with shower kit,,,,,,,,
GoodHome Colina Contemporary Bath Filler Tap,Bath mixer taps,GoodHome Osani Bath Filler Tap,,,,,,,,
Bristan Mercury Chrome effect Bath Filler Tap,Bath mixer taps,Bristan Mercury Chrome effect Bath Filler Tap,Bristan Iris Bath Filler - Chrome,,,Barkway Bath Filler Tap Chrome,,,,Bristan Cobalt Bath Filler Tap - Chrome
Waterfall Bath Filler Mixer Tap Chrome,Bath mixer taps,Matt Black Waterfall Bath Filler Mixer Tap Twin Lever Handles Deck Mounted,,,Grohe Bauedge Bath Filler Mixer Tap Chrome,Deck Mixer Tap Chrome,,,,Wickes Waterfall Mono Basin Mixer Tap - Chrome
GoodHome Cavally Nickel effect Bath Filler Tap,Bath mixer taps,GoodHome Cavally Chrome effect Bath Shower mixer Tap,,,,,,,,
Lucia Square Waterfall Bath Filler Mixer Tap Chrome,Bath mixer taps,Modern Chrome Waterfall Bath Filler Mixer Tap Bathroom Round,,,,Deck Mixer Tap Chrome,,,,Wickes Waterfall Bath Filler Tap - Chrome
GoodHome Teesta Chrome effect Modern Single Bath Filler Tap,Bath mixer taps,"GoodHome Teesta Chrome effect Bath Pillar Tap, Pair",,,,Barkway Bath Filler Tap Chrome,,,,Remi Chrome Bath Filler Tap
GoodHome Kellan Contemporary Bath Filler Tap,Bath mixer taps,GoodHome Osani Bath Filler Tap,,,,,,,,
Evian Luxury Round Deck Mounted Bath Filler Tap - Chrome - Balterley,Bath mixer taps,Evian Luxury Round Deck Mounted Bath Filler Tap - Chrome - Balterley,,Deva Ethos Deck Mounted Bath Filler - Chrome,Grohe Eurosmart Deck Mounted Bath Filler Tap Chrome,Deck Mixer Tap Chrome,,,,Remi Chrome Bath Filler Tap
GoodHome Blyth Bath Filler Tap,Bath mixer taps,GoodHome Osani Bath Filler Tap,,,,,,,,
GoodHome Netley Bath Filler Tap,Bath mixer taps,GoodHome Osani Bath Filler Tap,,,,,,,,
Sleek Matt Black Waterfall Bath Filler & Basin Mixer Tap Solid Brass,Bath mixer taps,Waterfall Bath Filler Mixer Tap Chrome,,,,Anstey Basin Mixer Tap Black,,,,
GoodHome Lazu Contemporary Bath Filler Tap,Bath mixer taps,GoodHome Osani Bath Filler Tap,,,,,,,,
hansgrohe Vernis Blend Deck Mounted Bath Mixer Tap in Chrome - 71442000,Bath mixer taps,hansgrohe Vernis Blend Deck Mounted Bath Mixer Tap in Chrome - 71442000,,,,,,,,
Kingsey Traditional Deck Mounted Crosshead Handle Bath Filler Tap - Chrome - Balterley,Bath mixer taps,Evian Luxury Round Deck Mounted Bath Filler Tap - Chrome - Balterley,,Deva Ethos Deck Mounted Bath Filler - Chrome,Trisen Formby Crosshead Bath Filler Tap Chrome,Deck Mixer Tap Chrome,,,,Remi Chrome Bath Filler Tap
Pride Round Deck Mounted Bath Filler Tap - Brushed Brass - Balterley,Bath mixer taps,Evian Luxury Round Deck Mounted Bath Filler Tap - Chrome - Balterley,,,,,,,,
Aster Luxury Square Deck Mounted Bath Filler Tap - Chrome - Balterley,Bath mixer taps,Evian Luxury Round Deck Mounted Bath Filler Tap - Chrome - Balterley,Bristan Aster Bath Filler - Chrome,Deva Ethos Deck Mounted Bath Filler - Chrome,Grohe Eurosmart Deck Mounted Bath Filler Tap Chrome,Deck Mixer Tap Chrome,,,,Remi Chrome Bath Filler Tap
GoodHome Wydon Contemporary Bath Filler Tap,Bath mixer taps,GoodHome Osani Bath Filler Tap,,,,,,,,
Bathroom Mixer Bar Valve & Kit Matt Black Round Thermostatic Bar Shower Set,Bath mixer taps,Bathroom Mixer Bar Valve & Kit Matt Black Round Thermostatic Bar Shower Set,,,Lewis Thermostatic Bar Shower Mixer Kit Chrome,Metro Thermostatic Shower Mixer Set,,,Triton Tian Thermostatic Bar Mixer Shower,
"GoodHome Lazu Combi boiler, gravity-fed & mains pressure water systems Bath Shower mixer Tap",Bath shower mixer taps,GoodHome Kellan Bath Shower mixer Tap,Henlake Bath Shower Mixer Tap,,,,,,,
GoodHome Brean Bath Shower mixer Tap,Bath shower mixer taps,GoodHome Cavally Chrome effect Bath Shower mixer Tap,Henlake Bath Shower Mixer Tap,,,Anstey Bath Shower Mixer Tap Chrome,Bristan Orta Bath Shower Mixer Chrome,,,Bristan Nero Bath Shower Mixer Tap - Chrome
Chrome Waterfall Bath Shower Mixer Tap With Round 3 Way Overhead Shower Kit,Bath shower mixer taps,Chrome Sleek Waterfall Bath Shower Mixer Tap With Round 3 Way Overhead Shower Kit,,,,,,,,
Lucia Waterfall Basin Mixer & Bath Shower Mixer Tap Chrome,Bath shower mixer taps,Waterfall Bath Filler Mixer Tap Chrome,Henlake Bath Shower Mixer Tap,Methven Amio Bath Shower Mixer Tap - Chrome,Skara Bath Shower Mixer & Kit Chrome,Deck Mixer Tap Chrome,,,,Remi Basin Chrome Mono Mixer Tap
"GoodHome Bynea Bath Shower mixer Tap, Pack of 1",Bath shower mixer taps,"GoodHome Bynea Bath Shower mixer Tap, Pack of 1",,,,,,,,
Chrome Sleek Waterfall Bath Shower Mixer Tap With Round 3 Way Overhead Shower Kit,Bath shower mixer taps,Chrome Sleek Waterfall Bath Shower Mixer Tap With Round 3 Way Overhead Shower Kit,,,,,,,,
GoodHome Blyth Bath Shower mixer Tap,Bath shower mixer taps,GoodHome Cavally Chrome effect Bath Shower mixer Tap,Henlake Bath Shower Mixer Tap,,,,,,,
GoodHome Calp Bath Shower mixer Tap,Bath shower mixer taps,GoodHome Cavally Chrome effect Bath Shower mixer Tap,Henlake Bath Shower Mixer Tap,,,,,,,
"GoodHome Annagh Combi boiler, gravity-fed & mains pressure water systems Bath Shower mixer Tap",Bath shower mixer taps,GoodHome Kellan Bath Shower mixer Tap,Henlake Bath Shower Mixer Tap,,,,,,,
